PRS_REM_MNT;PRS_REM_TYP
34.65;0
110.00;0
67.86;0
3.96;0
1219.23;0
30.00;0
167.67;0
53.96;0
52.25;0
1.00;0
2.70;0
9.10;0
17.50;0
63.00;0
1.50;0
3.66;0
0.02;0
129.09;0
303.18;0
10.71;0
36.20;0
51.50;0
2848.77;0
3422.00;0
135.37;0
165.60;0
1.32;0
5.67;0
595.86;0
60.00;0
79.50;0
4.08;0
104.50;0
34.00;1
120.64;0
417.94;0
76.80;0
664.96;0
147.90;0
10.90;0
8.90;0
22.54;0
72.00;0
25.50;0
10.00;0
4788.56;0
12.96;0
60.00;0
5.40;0
840.00;0
76.79;0
360.00;0
286.70;0
0.93;0
4.56;0
345.00;0
17.50;0
10.60;0
66.32;0
64.40;0
3402.00;0
1.83;0
4.88;0
146.63;0
59.70;0
93.95;0
0.02;0
9.76;0
26.52;0
289.34;0
92.75;0
72.02;0
20.00;0
90.00;0
786.73;0
6.12;0
105.00;0
5.68;0
31.43;0
25.16;0
55.65;0
22.00;0
162.00;0
5.10;0
30.60;1
771.11;0
83.07;0
48.30;0
97.92;0
73.69;0
932.19;0
87.08;0
8801.79;0
144.04;0
30.81;0
20.00;0
58.68;0
7.56;0
11.36;0
17.00;1
180.08;0
16.20;0
10.71;0
36.20;0
5.67;0
34.00;0
92.75;0
291.50;0
82.94;0
101.12;0
5.39;0
49.75;0
2.65;0
200.17;0
5.50;0
39.84;0
50.32;0
56.47;0
204.05;0
3.24;0
61.65;0
690.54;0
70.00;0
0.09;0
2760.69;0
924.67;0
62.91;0
40.25;0
168.00;0
14.64;0
62.40;0
135.50;0
7.20;0
37.10;0
18.28;0
67.98;0
63.30;0
10.71;0
88.13;0
567.00;0
149.25;0
1.62;0
3.00;0
48.83;0
25.52;0
0.62;0
132.40;0
108.00;0
11.19;0
82.96;0
17.00;1
0.62;0
32.95;0
9.94;0
31.86;0
5.97;0
841.07;0
5.50;0
270.73;0
15.89;0
11.55;0
90.16;0
29.89;0
6.63;0
15.12;0
10.71;0
42.50;0
197.49;0
326.00;0
0.80;0
4.64;0
49.08;0
10.00;0
205.69;0
318.00;0
238.00;0
1120.28;0
30.00;0
29.76;0
31.22;0
482.05;0
31.81;0
157.00;0
1920.00;0
2.00;0
448.95;0
300.00;0
97.20;0
5.60;0
364.21;0
201.44;0
1126.91;0
8.91;0
386.40;0
69.00;0
51.00;1
136.00;0
1.98;0
68.00;1
10.20;1
5.50;0
88.80;0
72.99;0
2.04;0
53.00;0
285.25;0
180.72;0
7.14;0
5.51;0
154.44;0
381.82;0
40.00;0
19.90;0
164.32;0
1080.86;0
86.70;0
5.68;0
13.02;0
7.00;0
2.80;0
96.76;0
27.63;0
12.00;0
35.88;0
410.77;0
3594.68;0
247.99;0
42.00;0
60.00;0
39.72;0
144.99;0
5.68;0
15.90;0
13.75;0
378.67;0
54.84;0
10.71;0
11.67;0
2212.50;0
51.91;0
7.93;0
91.78;0
197.10;0
755.94;0
0.78;0
127.07;0
1470.00;0
244.11;0
130.16;0
5.10;0
107.25;0
8663.77;0
104.85;0
37.10;0
846.50;0
8.25;0
75.00;0
110.52;0
5.13;0
18.96;0
2477.88;0
9.90;0
609.55;0
1.60;0
97.09;0
2499.07;0
24.84;0
0.36;0
441.00;0
3.61;0
59.31;0
754.50;0
5379.50;0
132.40;0
27.00;0
167.82;0
6.00;0
1.20;0
317.53;0
250.00;0
59.70;0
15.90;0
17.87;0
4.67;0
126.12;0
1621.59;0
1.32;0
14.64;0
1.24;0
147.00;0
912.45;0
0.12;0
40.00;0
2.00;0
192.00;0
56.44;0
65.35;0
83.54;0
1.32;0
9.46;0
4.08;0
3.30;0
18.90;0
31.20;0
7.00;0
0.93;0
794.64;0
53.56;0
88.83;0
434.70;0
4.05;0
30.22;0
1.98;0
8.52;0
159.45;0
5.31;0
36.09;0
169.72;0
8.52;0
503.99;0
507.70;0
33.60;0
132.00;0
7.39;0
72.80;0
0.06;0
59.62;0
247.50;0
531.93;0
2.55;0
62.92;0
72.00;0
1.22;0
20.88;0
32.90;0
132.50;0
273.00;0
0.66;0
667.68;0
163.80;0
187.01;0
10.58;0
154.70;0
7.14;0
74.74;0
390.15;0
0.12;0
466.61;0
75.60;0
142.08;0
8.25;0
358.80;0
6.30;0
175.00;0
33.81;0
79.38;0
813.19;0
18.90;0
43.20;0
0.30;0
55.59;0
2.00;0
5.20;0
1.83;0
164.36;0
160.25;0
16.80;0
10.50;0
29.58;0
26.88;0
41.94;0
26.50;0
222.00;0
109.23;0
79.74;0
6.81;0
13.75;0
619.62;0
125.35;0
145.02;0
109.12;0
724.35;0
450.00;0
24.96;0
8.25;0
291.50;0
82.41;0
50.44;0
39.80;0
2.58;0
0.62;0
0.06;0
94.50;0
66.00;0
129.09;0
66.46;0
92.75;0
49.74;0
569.50;1
343.94;0
68.16;0
7.14;0
24.00;0
133.23;0
1.07;0
9.46;0
353.07;0
127.50;0
196.35;0
7.14;0
2.43;0
505.50;0
75.00;0
37.10;0
932.44;0
933.60;0
2.06;0
3.06;0
31.50;0
3.58;0
2301.84;0
1.55;0
2.04;0
10.50;0
56.70;0
138.97;0
90.63;0
225.36;0
2.40;0
69.69;0
96.88;0
17.46;0
79.75;0
22.50;0
232.50;0
1650.00;0
18858.94;0
2.70;0
78.53;0
56.70;0
16626.58;0
60.00;0
24.50;0
478.38;0
15.00;0
112.74;0
97.58;0
7.21;0
460.01;0
32.20;0
120.14;0
271.66;0
6.96;0
46.75;0
8.34;0
850.00;0
59.62;0
0.92;0
15.03;0
110.00;0
370.30;0
107.64;0
382.78;0
0.92;0
40.00;0
2.70;0
136.46;0
169.29;0
75.60;0
539.00;0
1.24;0
28.00;0
205.05;0
112.76;0
28.60;0
53.00;0
46.00;0
47.55;0
5.00;0
390.00;0
9278.32;0
77.44;0
1750.56;0
179.02;0
482.00;0
193.48;0
1889.13;0
500.85;0
5.37;0
275.00;0
4.05;0
8.25;0
52.65;0
1780.32;0
56.00;0
33.20;0
3669.85;0
19.96;0
156.00;0
1.24;0
6.80;0
1.24;0
128.67;0
4.73;0
24.38;0
29.70;0
83.10;0
78.09;0
13.50;0
5.15;0
18.80;0
220.50;0
100.00;0
506.00;0
34.02;0
75.48;0
113.28;0
206.69;0
217.25;0
240.00;0
7582.40;0
18186.00;0
2.64;0
17.32;0
252.00;0
10.20;1
155.55;1
17.38;0
244.27;0
19.59;0
59.50;1
535.85;0
23.75;0
552.84;0
188.72;0
0.62;0
102.96;0
0.80;0
7.22;0
0.93;0
9.60;0
29.85;0
12.15;0
124.74;0
146.10;0
67.61;0
45.00;0
0.80;0
232.19;0
207.00;0
5.68;0
93.20;0
3.97;0
4.08;0
2063.40;0
665.74;0
288.00;0
23.86;0
385.25;0
1365.25;0
63.25;0
10.50;0
85.75;0
39.06;0
451.35;0
299.10;0
2.06;0
79.40;0
550.25;0
838.94;0
874.38;0
27.30;0
0.12;0
11.50;0
54.74;0
1.28;0
424.23;0
357.00;1
14924.20;0
95.10;0
1021.20;0
9.46;0
420.00;0
22.68;0
29.88;0
20.04;0
260.00;0
50.32;0
76.35;0
1.22;0
297.60;0
9153.84;0
7.00;0
27.45;1
7.14;0
11420.64;0
34.16;0
200.00;0
52.00;0
29.79;0
133.30;0
310.88;0
12.20;0
25.03;0
2.40;0
51.00;1
0.62;0
9.90;0
8.95;0
1599.30;0
39.69;0
37.20;0
77.07;0
126.00;0
7.56;0
0.80;0
4.90;0
953.21;0
480.00;0
8793.40;0
6.71;0
12.81;0
67.20;0
4.64;0
606.38;0
409.05;0
60.00;0
402.12;0
62.12;0
55.65;0
402.96;0
1518.75;0
5.52;0
26.88;0
1.06;0
21.82;0
21.45;0
1.22;0
3.90;0
353.99;0
2029.24;0
6.07;0
17.00;1
1192.24;0
43.92;0
3.30;0
13478.62;0
68.52;0
54.22;0
5.62;0
68.68;0
90.00;0
10.20;1
1915.54;0
2.44;0
52.00;0
135.50;0
9.18;0
23.70;0
21.58;0
6.00;0
97.39;0
0.76;0
3.30;0
84.00;0
66.30;0
197.76;0
58.02;0
8.16;0
5693.28;0
4.08;0
37.80;0
1145.99;0
598.50;0
143.00;0
53.00;0
119.00;0
29.85;0
198.69;0
126.00;0
1360.06;0
1.98;0
5.70;0
21.24;0
193.20;0
21.00;0
11.34;0
282.00;0
146.79;0
13.92;0
119.31;0
107.25;0
73.92;0
113.29;0
70.95;0
8.78;0
56.73;0
208.18;0
48.83;0
98.75;0
72.02;0
1.32;0
5.68;0
199.44;0
128.00;0
1137.18;0
94.46;0
8.61;0
129.60;0
4.80;0
169.05;0
3.00;0
10.20;1
138.38;0
160.00;0
7.00;0
9.46;0
63.14;0
1211.43;0
132.00;0
22.68;0
95.79;0
240.00;0
12.59;0
14.28;0
127.50;1
16.24;0
5.50;0
2.06;0
63.67;0
107.77;0
4.74;0
951.19;0
660.00;0
333.58;0
1.00;0
377.64;0
29.88;0
0.39;0
1026.34;0
19.95;0
77.50;0
554.14;0
151.81;0
60.00;0
46.92;0
17.04;0
5.40;0
278.94;0
6194.39;0
1.98;0
20.50;0
29.70;0
69.72;0
0.80;0
777.12;0
2.43;0
90.53;0
99.60;0
1781.19;0
9772.28;0
100.64;0
1022.76;0
37.80;0
1360.59;0
838.73;0
17.08;0
99.23;0
196.42;0
49.60;0
73.50;0
8240.58;0
49.80;0
4.20;0
34.00;1
262.22;0
97.26;0
0.93;0
107.47;0
40.00;0
156.50;0
20.40;1
13.97;0
26.32;0
77.07;0
625.61;0
833.28;0
48.82;0
37.10;0
2760.00;0
23.10;0
7.56;0
10552.47;0
2.25;0
9.00;0
5.10;0
150.32;0
9.46;0
155.00;0
0.10;0
17.88;0
63.00;0
13.20;0
50.44;0
594.00;0
20.92;0
918.76;0
54.45;0
165.84;0
3.05;0
24.00;0
254.38;0
50.32;0
92.75;0
291.20;0
4.80;0
756.00;0
70.66;0
45.63;0
12.00;0
19.86;0
4.12;0
1.62;0
117.55;0
762.40;0
16660.78;0
8.68;0
5.52;0
34.93;0
0.06;0
48.60;0
4.74;0
24.74;0
2.04;0
205.92;0
49.14;0
66.50;0
5.40;0
530.40;0
183.32;0
324.76;0
504.00;0
181.95;0
47.48;0
92.00;0
40.99;0
5.50;0
19.25;0
61.20;1
230.52;0
497.62;0
3729.73;0
621.72;0
29.88;0
2990.88;0
2.80;0
116.07;0
676.72;0
141.45;0
59.56;0
2.43;0
0.80;0
2.40;0
989.00;0
1037.18;0
5.84;0
3654.14;0
39.78;0
18.56;0
111.30;0
10.50;0
84.00;0
199.38;0
4.66;0
616.35;0
57.76;0
54.87;0
5.21;0
12.00;0
3965.29;0
6.81;0
0.09;0
48.00;0
42.00;0
4.95;0
25.16;0
78.00;0
59.82;0
15.60;0
30.75;0
0.62;0
254.80;0
71.04;0
234.15;0
6.75;0
100.00;0
120.00;0
50.00;0
2584.88;0
34.00;1
129.09;0
6.12;0
7.00;0
9.46;0
29.79;0
123.66;0
221.00;0
49.95;0
360.00;0
100.00;0
133.93;0
494.85;0
16.48;0
33.44;0
164.30;0
262.05;0
36.29;0
45.75;0
220.03;0
16.80;0
166.79;0
88.00;0
83.08;0
36.63;0
15.60;0
3.40;0
19.38;0
133.94;0
80.00;0
887.77;0
1.22;0
13.98;0
7.32;0
0.06;0
6.32;0
347.20;0
12.24;0
168.00;0
196.42;0
2.44;0
1094.48;0
177.21;0
133.20;0
92.74;0
0.07;0
113.40;0
26.03;0
92.00;0
74.25;0
4.64;0
72.67;0
106.00;0
0.80;0
244.27;0
20.53;0
14.00;0
59.20;0
1311.24;0
10.00;0
4634.90;0
63.30;0
1.55;0
31.52;0
119.10;0
114.25;0
80.32;0
749.49;0
105.00;0
2.80;0
1.20;0
27.50;0
4.56;0
18459.08;0
40.00;0
14.52;0
34.00;1
16.50;0
256.30;0
55.78;0
27.25;0
31.67;0
338.38;0
60.00;0
538.27;0
23.55;0
1.62;0
6529.74;0
13.92;0
225.00;0
525.00;0
29.88;0
16.56;0
64.68;0
0.18;0
239.99;0
59.50;0
16.20;0
59.75;0
488.96;0
4.64;0
96.00;0
201.79;0
2.17;0
25.76;0
31.50;0
26.00;0
1.20;0
49.80;0
60.90;0
18.36;0
13.26;0
318.59;0
19.90;0
1328.09;0
18.90;0
15.60;0
31.35;0
112.75;0
31.50;0
187.75;0
1.04;0
6848.67;0
29.91;0
23.28;0
33.85;0
10.71;0
17.32;0
3.16;0
3456.00;0
1.22;0
39.82;0
30.00;0
118.24;0
50.55;0
10.80;0
23.81;0
102.00;1
336.00;0
61.05;0
140.22;0
857.74;0
1164.88;0
13.71;0
9.86;0
22.07;0
26.03;0
1390.26;0
163.80;0
6.10;0
20.80;0
5.60;0
20.00;0
1.22;0
7772.28;0
137.35;0
39.75;0
45.08;0
7.14;0
1.59;0
5.50;0
29.17;0
114.80;0
4.00;0
310.80;0
2.86;0
91.10;0
40.00;0
24.00;0
266.80;0
105.00;0
407.34;0
45.36;0
17.20;0
604.60;0
10.16;0
7.14;0
8.83;0
755.27;0
18.40;0
1.83;0
3.30;0
14.58;0
67.53;0
139.23;0
39.68;0
409.28;0
4.86;0
139.22;0
1.61;0
5.64;0
8.16;0
210.00;0
58.77;0
15.50;0
29.85;0
3353.22;0
19.25;0
12.60;0
45.50;0
14.35;0
101.91;0
6.30;0
60.00;0
54.81;0
10.00;0
132.50;0
4.80;0
4827.20;0
120.64;0
19.19;0
10.81;0
67.90;0
170.03;0
585.40;0
193.50;0
2.64;0
306.60;0
105.00;0
565.24;0
25.16;0
1.83;0
1.24;0
9.46;0
370.12;0
1454.21;0
47.44;0
1.21;0
43.38;0
71.26;0
110.50;0
7.00;0
1639.00;0
4.64;0
14.20;0
47.85;0
44.00;0
114.96;0
86.83;0
8.40;0
4.95;0
7.16;0
0.24;0
56.75;0
70.50;0
4954.03;0
258.74;0
5.10;0
47.30;0
25.25;0
91.80;1
244.27;0
26.40;0
81.90;0
129.43;0
10.80;0
109.49;0
3.30;0
84.00;0
902.79;0
0.09;0
909.28;0
21.51;0
14.70;0
33.60;0
14.00;0
548.00;0
179.18;0
79.75;0
67.65;0
2.70;0
49.20;0
547.14;0
225.48;0
39.84;0
41.04;0
42.93;0
230.28;0
7.14;0
4.60;0
5.49;0
84.00;0
18.10;0
0.80;0
479.30;0
25.84;0
39.60;0
11.04;0
722.24;0
2752.94;0
18.28;0
20.00;0
185.33;0
711.34;0
539.32;0
14.00;0
438.14;0
81.00;0
3265.89;0
1.00;0
192.80;0
5.50;0
285.45;0
417.18;0
1728.00;0
25.50;0
129.85;0
37.10;0
9.90;0
8.34;0
25.50;1
16.00;0
10.80;0
13.25;0
159.36;0
55.75;0
3.97;0
7.14;0
7.14;0
2940.01;0
48.80;0
205.65;0
1293.12;0
4.08;0
37.10;0
2.70;0
10100.34;0
600.60;0
355.59;0
59.50;1
45.90;1
3.06;0
356.91;0
36.60;1
112.74;0
21.00;0
180.00;0
4.86;0
128.08;0
81.60;1
5.67;0
3.30;0
34.00;1
351.77;0
13.40;0
8.27;0
49.74;0
18.96;0
95.44;0
3078.24;0
271.32;0
15.75;0
0.06;0
1.60;0
84.00;0
66.15;0
365.35;0
9.45;0
4375.89;0
29.85;0
2478.00;0
10.20;0
3.78;0
8.52;0
14.28;0
929.55;0
1417.26;0
66.20;0
100.00;0
3.24;0
15.00;0
4.64;0
1.20;0
2311.18;0
11.34;0
4249.25;0
13.92;0
53.00;0
14.88;0
29.88;0
95.66;0
2.44;0
98.46;0
60.00;0
31.93;0
18.00;0
49.80;0
1.83;0
24.75;0
943.40;0
3.66;0
5.20;0
126.00;0
3.58;0
2040.00;0
4.08;0
3.30;0
126.00;0
240.00;0
160.00;0
2.64;0
1131.74;0
159.36;0
20.48;0
6072.79;0
169.35;0
670.70;0
8624.00;0
1174.80;0
53.00;0
640.86;0
48.30;0
21.24;0
2089.36;0
1.20;0
5.50;0
19.35;0
3345.42;0
206.18;0
5.28;0
33.52;0
2.04;0
507.99;0
66.26;0
52.00;0
9834.09;0
344.77;0
468.00;0
42.30;0
2160.00;0
56.86;0
10.60;0
170.64;0
21.96;0
578.34;0
86.40;0
91.35;0
0.02;0
1215.80;0
82.12;0
80.10;0
151.20;0
67.55;0
66.15;0
657.95;0
162.00;0
60.00;0
531.77;0
14.29;0
6.16;0
1281.00;0
92.83;0
330.00;0
144.00;0
16.50;0
81.75;0
3409.29;0
18.10;0
82.22;0
72.02;0
185.62;0
42.00;0
16.50;0
35.00;0
158.00;0
2465.62;0
137.25;1
116.30;0
37.10;0
188.70;0
102.00;0
20.30;0
15.39;0
7.14;0
110.12;0
37.10;0
4.86;0
67.20;0
13.36;0
60.00;0
11540.12;0
176.80;0
24.82;0
66.20;0
2.80;0
30.00;0
0.80;0
105.00;0
334.85;0
2.70;0
92.75;0
17.50;0
0.23;0
11.92;0
2.00;0
661.89;0
155.52;0
9.28;0
23.79;0
539.29;0
128.10;1
82.50;0
41.03;0
7.00;0
506.93;0
0.80;0
220.60;0
11.22;0
11.04;0
19.35;0
9.58;0
3600.00;0
468.44;0
49.60;0
40.94;0
32.20;0
7.00;0
0.80;0
176.80;0
2.04;0
222.17;0
89.04;0
1.50;0
11.36;0
28.56;0
725.20;0
59.20;0
960.05;0
9.45;0
50.98;0
19.80;0
364.86;0
31.60;0
89.25;0
216.00;0
5.10;0
1.24;0
192.28;0
4.54;0
37.10;0
32.40;0
1.22;0
24.94;0
110.74;0
53.00;0
3266.40;0
2.44;0
2575.42;0
1.24;0
48.83;0
8154.00;0
52.16;0
1139.80;0
7.00;0
135.24;0
1585.20;0
400.00;0
13.00;0
207.00;0
6218.70;0
1.02;0
148.86;0
210.00;0
1682.55;0
15.31;0
15.45;0
27.50;0
13.75;0
178.14;0
29.58;0
3991.55;0
14.00;0
74.25;0
0.62;0
126.00;0
5.46;0
19.37;0
120.00;0
53.00;0
302.18;0
55.00;0
20.00;0
2566.19;0
467.62;0
206.69;0
1.05;0
66.96;0
7.00;0
135.30;0
135.38;0
17.30;0
126.72;0
320.65;0
1.20;0
30.25;0
151.20;0
9.18;0
115.26;0
4.10;0
86.76;0
113.40;0
239.04;0
1.53;0
0.62;0
59.50;1
5272.11;0
72.58;0
7.00;0
12.15;0
68.00;0
2215.81;0
208.80;0
29.79;0
24.50;0
18.30;1
146.70;0
13.08;0
42.00;0
261.34;0
179.16;0
37.83;0
60.00;0
133.20;0
78.89;0
32.13;0
4.49;0
61.31;0
23380.35;0
0.62;0
259.20;0
146.79;0
223.08;0
7.56;0
54.50;0
1300.84;0
184.25;0
2.70;0
15.30;0
265.35;1
70.95;0
7.98;0
586.07;0
2.64;0
9.94;0
2.58;0
35.00;0
2.70;0
414.54;0
14364.00;0
66.75;0
53.00;0
8.00;0
169.15;0
22.00;0
0.61;0
9.46;0
3.66;0
81.90;0
15.60;0
0.06;0
12.00;0
168.00;0
8.10;0
13.20;0
49.83;0
5.96;0
609.07;0
763.60;0
95.37;0
2222.75;0
792.14;0
20.40;1
52.92;0
375.15;1
99.60;0
78.64;0
128.00;0
4.64;0
10.60;0
16.80;0
21.00;0
19.96;0
0.46;0
345.60;0
36.56;0
41.03;0
103.75;0
1.64;0
35.85;0
1394.92;0
506.00;0
22.44;0
49.86;0
18.45;0
7.14;0
107.25;0
66.00;0
119.00;0
0.80;0
0.66;0
0.15;0
27.50;0
9.00;0
937.55;0
162.24;0
25.00;0
106.00;0
51.00;1
59.28;0
750.00;0
2.65;0
1.60;0
11.36;0
79.75;0
254.80;0
20.00;0
252.00;0
11.34;0
46.00;0
21.60;0
11.04;0
70.00;0
36.00;0
36.03;0
106.08;0
171.81;0
22.69;0
136.39;0
57.15;0
63.00;0
256.24;0
3.97;0
2.09;0
29.88;0
25.50;1
3.97;0
186.06;0
62.42;0
59.59;0
345.60;0
125.82;0
4.64;0
1.62;0
413.53;0
84.80;0
10.50;0
20.00;0
1.62;0
4.64;0
3.41;0
775.51;0
10.50;0
17.50;0
627.13;0
44.80;0
11.60;0
55.51;0
2279.39;0
24.00;1
25.17;0
3098.86;0
9.18;0
0.62;0
587.37;0
480.00;0
5.75;0
7.14;0
245.52;0
1.22;0
28.74;0
10.30;0
45.90;1
406.64;0
1200.00;0
122.96;0
3.06;0
53.00;0
7504.24;0
25.50;0
9.66;0
10.50;0
22.07;0
46.74;0
143.23;0
3.20;0
245.00;0
9.75;0
96.10;0
0.92;0
59.67;0
168.94;0
1.99;0
6.81;0
38.70;0
91.50;1
3.74;0
120.00;0
52.02;0
83.70;0
1445.16;0
235.81;0
336.37;0
141.21;0
442.96;0
13.26;0
1067.88;0
838.50;0
178.00;0
10.20;0
2.04;0
61.25;0
90.60;0
252.00;0
109.44;0
41.64;0
141.96;0
2.04;0
13.26;0
33.08;0
149.09;0
1.20;0
66.09;0
246.49;0
50.00;0
3.97;0
89.50;0
7.60;0
6844.98;0
0.60;0
30.00;0
34.00;1
63.00;0
60.00;0
0.80;0
217.12;0
25.50;1
261.15;0
210.00;0
135.00;0
47.37;0
1.50;0
2184.00;0
22.44;0
39.81;0
83.88;0
99.84;0
703.09;0
34.95;0
4.64;0
4.54;0
4.41;0
450.93;0
64.26;0
9.90;0
108.80;0
27.45;1
83.06;0
38.50;0
193.75;0
485.45;0
347.22;0
4950.00;0
1.98;0
4280.22;0
59.86;0
6.47;0
50.00;0
5.91;0
1.20;0
7.14;0
8.00;0
246.59;0
25.65;0
682.07;0
240.00;0
1.62;0
37.74;0
15.30;1
76.44;0
238.95;0
32.97;0
1101.89;0
2205.39;0
74.00;0
480.00;0
207.00;0
322.74;0
15.82;0
19.90;0
191.25;0
26.00;0
44.55;0
77.40;0
964.60;0
22.54;0
18.37;0
25.00;0
11.34;0
3.60;0
68.75;0
45.20;1
723.45;0
74.03;0
124.20;0
861.00;0
21.90;0
5.50;0
480.00;0
51.00;1
870.00;0
12.61;0
60.00;0
2.04;0
60.00;0
62.90;0
11.55;0
20.37;0
817.50;0
11.30;0
3.30;0
2.00;0
180.00;0
27.50;0
720.00;0
1.32;0
1371.61;0
290.28;0
17.85;0
3.96;0
469.54;0
2.80;0
164.43;0
29.20;0
14.19;0
3.98;0
3.69;0
238.08;0
1536.86;0
11.26;0
0.80;0
3.16;0
9.15;0
7.00;0
301.35;0
774.90;0
100.00;0
0.80;0
2.43;0
7.00;0
446.16;0
79.30;0
3.58;0
278.84;0
29.79;0
42.00;0
56.03;0
66.50;0
1000.00;0
155.55;0
18.56;0
108.50;0
7.32;0
220.53;0
262.64;0
34.00;0
1.86;0
0.06;0
10.59;0
19.90;0
15.75;0
90.00;0
0.80;0
265.00;0
2.44;0
160.17;0
112.74;0
102.01;0
198.75;0
15.30;0
24.43;0
273.00;0
384.00;0
286.08;0
19.92;0
90.00;0
141.52;0
140.23;0
509.60;0
4.63;0
3.06;0
12.00;0
7.00;0
348.00;0
9.08;0
225.00;0
64.05;1
196.00;0
44.80;0
296.70;0
180.00;0
9.28;0
18.28;0
162.24;0
225.42;0
40.00;0
759.00;0
60.50;0
0.02;0
1.83;0
4.94;0
20.00;0
122.46;0
9.45;0
28.38;0
3449.25;0
55.57;0
4.80;0
24.44;0
314.70;0
160.00;1
93.25;0
112.74;0
75.00;0
42.00;0
7.14;0
1345.98;0
702.00;0
80.00;0
16.20;0
1.62;0
15.75;0
21.88;0
19324.06;0
632.64;0
10.50;0
420.00;0
183.04;0
11.55;0
208.95;0
109.23;0
21.96;1
75.16;0
75.34;0
12.50;0
140.89;0
3.16;0
12.24;0
2.90;0
90.00;0
7.50;0
113.55;0
34.68;0
632.10;0
100.51;0
7.32;0
37.83;0
23.46;0
3.10;0
63.00;0
818.63;0
2.34;0
37.76;0
40.08;0
5.92;0
257.39;0
2.67;0
12.37;0
54.45;0
208.95;0
13.80;0
3900.61;0
81.22;0
999.34;0
260.07;0
545.37;0
87.52;0
130.22;0
27.00;0
10.50;0
99.51;0
199.38;0
1259.83;0
110.50;0
208.48;0
333.87;0
4.27;0
214.33;0
35.52;0
45.94;0
891.38;0
1.62;0
2183.32;0
66.32;0
1.01;0
47.30;0
15.00;0
0.18;0
460.00;0
100.82;0
159.73;0
14.52;0
259.00;0
15.12;0
19.84;0
0.06;0
378.00;0
84.00;0
232.98;0
130.00;0
72.07;0
7.29;0
75.60;0
440.58;0
20.25;0
43.52;0
9.33;0
0.06;0
48.30;0
50.66;0
7697.79;0
135.80;0
44.00;0
136.00;1
742.70;0
1.60;0
1.53;0
10.02;0
3.06;0
1205.28;0
18.92;0
53.51;0
22.52;0
98.00;0
44.00;0
14.51;0
45.08;0
286.87;0
92.00;0
97.50;0
819.72;0
2.17;0
322.73;0
7.00;0
68.00;1
43.25;0
60.00;0
29.94;0
4.08;0
13.38;0
7.56;0
97.68;0
672.00;0
20.00;0
21.42;0
22.24;0
131.25;0
82.80;0
64.59;0
90.00;0
897.00;0
14.00;0
3.05;0
1.32;0
770.91;0
614.25;0
10.71;0
330.00;0
3298.01;0
22.54;0
2.14;0
1.61;0
7.56;0
1346.80;0
9.90;0
7.15;0
451.00;0
138.24;0
57.73;0
16.20;0
70.00;0
39.88;0
1.98;0
0.80;0
31.07;0
1.83;0
165.00;0
180.50;0
120.00;0
2.06;0
944.10;0
725.20;0
321.66;0
18.76;0
400.14;0
2.04;0
6.96;0
150.00;0
14.28;0
475.87;0
1178.21;0
2.48;0
54.06;0
4.64;0
68.00;1
30.57;0
17.00;1
48.83;0
60.00;0
18.36;0
2.06;0
6.60;0
8.52;0
457.32;0
17.00;1
180.00;0
23.66;0
24.27;0
119.35;0
29.94;0
53.00;0
114.78;0
42.50;0
73.02;0
6.32;0
15.30;1
99.96;0
53.20;0
33.30;0
426.52;0
2.04;0
17.32;0
1113.00;0
57.94;0
89.55;0
88.40;0
315.00;0
52.92;0
315.31;0
2.43;0
42.96;0
12.90;0
19.90;0
2.70;0
45.00;0
168.84;0
48.94;0
17.87;0
47.30;0
1148.32;0
17.50;0
48.00;0
1130.92;0
9.90;0
179.00;0
21.56;0
4.63;0
23.10;0
554.44;0
14.19;0
29.79;0
93.12;0
147.35;0
912.57;0
18.92;0
22.54;0
12.24;0
824.24;0
0.92;0
137.50;0
10.53;0
1.62;0
107.00;0
108.04;0
558803.20;0
9.33;0
62.80;0
139.06;0
186.00;0
118.40;0
2.00;0
27.29;0
32.54;0
64.65;0
2.04;0
233.89;0
65.36;0
77.14;0
774.88;0
11.48;0
31.09;0
9.60;0
1451.25;0
709.80;0
1.24;0
66.56;0
3275.14;0
2613.87;0
47.52;0
4.90;0
12.81;0
176.69;0
234.72;0
167.70;0
50.32;0
64.64;0
106.08;0
23.94;0
187.11;0
15.67;0
55.65;0
138.60;0
4.95;0
62.32;0
79.92;0
2.79;0
40.10;0
2553.31;0
100.80;0
44.00;0
6.12;0
480.00;0
6.48;0
149.00;0
96.60;0
3.97;0
37.74;0
12.34;0
42.50;1
33.29;0
54.57;0
22.68;0
1204.00;0
3304.98;0
1.23;0
17.32;0
126.00;0
239.02;0
90.30;0
842.59;0
5.68;0
151.32;0
5.10;0
294.00;0
138.72;0
27.50;0
28653.50;1
43.69;0
154.80;0
31.50;0
1.22;0
1647.00;1
35.75;0
5.67;0
63.06;0
1163.00;0
2.44;0
4.86;0
9.46;0
37.10;0
238.07;0
283.67;0
50.42;0
205.11;0
51.00;1
129.30;0
426.20;0
78.02;0
90.00;0
27.00;0
7.14;0
140.10;0
1.58;0
85.00;1
63.60;0
15.11;0
35.00;0
336.00;0
10.00;0
344.36;0
2872.06;0
265.77;0
32.40;0
15.24;1
43.59;0
12.14;0
85.00;0
73.06;0
42.00;0
25.50;0
100.00;0
33.24;0
59.76;0
296.00;0
78.67;0
1.62;0
66.50;0
6.96;0
0.15;0
42.00;0
1.83;0
2.70;0
115.00;0
17.00;1
6.61;0
148.64;0
395.00;0
164.15;0
2.06;0
124.98;0
213.11;0
79.50;0
10.20;0
53.00;0
1.83;0
90.00;0
218.21;0
165.00;0
0.93;0
1.20;0
1.83;0
4.80;0
50.40;0
55.65;0
54.73;0
50.00;0
1.32;0
534.56;0
90.00;0
3.16;0
276.41;0
75.16;0
120.00;0
42.00;0
90.00;0
3.09;0
6.92;0
22.08;0
406.68;0
15.30;1
316.48;0
1.74;0
296.36;0
51.12;0
30.24;0
5.68;0
82.90;0
5941.01;0
3.16;0
1145.66;0
67.83;0
78.58;0
14.40;0
8415.09;0
8.25;0
19.38;0
38.50;0
167.14;0
13.95;0
36.00;0
37.62;0
916.32;0
38.76;0
10.71;0
105.00;0
1.90;0
51.00;0
6.12;0
176.31;0
47.26;0
27.63;0
59.16;0
349.22;0
1.32;0
22.79;0
125.82;0
344.40;0
55.58;0
1.83;0
814.46;0
150.48;0
48.83;0
140.40;0
550.00;0
2.04;0
0.69;0
52.44;0
48.40;0
3.60;0
186.75;0
15.75;0
49.74;0
188.86;0
274.87;0
11.00;0
3.06;0
65.00;0
49.85;0
55.65;0
66.00;0
389.07;0
6.60;0
46.33;0
3.66;0
9.54;0
1.32;0
192.85;0
72.42;0
35.70;1
144.75;0
23.93;0
301.15;0
47.30;0
285.27;0
436.80;0
36.44;0
42.40;0
50.40;0
88.52;0
2.09;0
41.88;0
67.17;0
23.69;0
2.04;0
7.14;0
0.25;0
4.05;0
17.00;1
665.83;0
753.61;0
184.54;0
119.00;1
128.93;0
150.48;0
19.86;0
82.94;0
49.80;0
25.50;1
99.00;0
11.04;0
5.44;0
51.00;0
4.00;0
5.25;0
49.14;0
105.25;0
164.15;0
3.16;0
29.94;0
6.81;0
24.50;0
78.00;0
1.22;0
162.45;0
127.99;0
16.20;0
167.76;0
7.00;0
57.65;0
9625.08;0
14.64;0
1.80;0
2529.85;0
69.33;0
120.56;0
60.00;0
84.00;0
3.72;0
1630.50;0
39.00;0
66.20;0
144.00;0
90.00;0
585.99;0
316.94;0
22.88;0
15.00;0
128.70;0
0.02;0
2.02;0
2035.19;0
146.31;0
5.00;0
52.06;0
7.62;1
273.52;0
1320.00;0
2.16;0
459.28;0
4.58;0
74.20;0
60.52;0
25.00;0
2.70;0
1.83;0
89.41;0
30.00;0
1013.27;0
19.90;0
10.00;0
15.40;0
15.12;0
256.20;1
6.00;0
6.75;0
66.30;0
388.00;0
13.80;0
4440.21;0
2.23;0
369.00;0
59.75;0
2.65;0
5098.81;0
7.50;0
2.00;0
1205.96;0
79.38;0
1.22;0
85.25;0
129.09;0
216.00;0
444.89;0
29.85;0
13077.98;0
0.92;0
180.00;0
14.28;0
7.14;0
80.77;0
120.00;0
120.00;0
48.00;0
10.40;0
1.98;0
25.16;0
73.09;0
12.15;0
92.00;0
7.35;0
3.97;0
159.10;0
11.07;0
31.50;0
79.50;0
39.80;0
181.50;0
1315.85;0
194.40;0
1341.58;0
18.90;0
37.10;0
2.65;0
47.02;0
320.85;0
60.00;0
54.00;0
240.00;0
87.50;0
173.24;0
74.20;0
3.98;0
37.80;0
5.52;0
72.00;0
503.14;0
7.00;0
33.10;0
215.90;0
1099.00;0
778.13;0
3.88;0
166.15;0
58.52;0
1.20;0
30.02;0
37.86;0
66.00;0
60.00;0
57.97;0
114.78;0
230.00;0
3.31;0
50.84;0
14.28;0
5.67;0
0.09;0
9.20;0
10126.50;0
65.76;0
59.89;0
739.55;0
0.06;0
139.54;0
10.00;0
5.69;0
1.32;0
35.70;0
47.30;0
7.95;0
16.82;0
1794.92;0
214.88;0
480.00;0
4.12;0
875.00;0
101.81;0
104.40;0
3.58;0
2141.76;0
513.40;0
3.32;0
3.24;0
1777.58;0
5.50;0
232.05;0
26.02;0
10.53;0
0.06;0
21.44;0
1.24;0
5.48;0
2.48;0
108.92;0
314.70;0
138.44;0
0.06;0
55.65;0
15.00;0
17.04;0
0.80;0
4350.31;0
173.19;0
315.90;0
4.95;0
4.43;0
593.70;0
10.20;1
504.00;0
10.20;1
100.00;0
1.53;0
1804.83;0
58.58;0
15.12;0
84.00;0
72.00;0
74.59;0
38.50;0
1666.00;0
244.00;0
125.00;0
1.20;0
376.60;0
28.44;0
14.00;0
49.13;0
1.62;0
1.20;0
0.06;0
87.59;0
5.50;0
30.58;0
99.00;0
0.80;0
14.86;0
4.64;0
14.20;0
2.04;0
0.42;0
1.32;0
547.51;0
9.46;0
292.48;0
46.00;0
154.98;0
72.02;0
49.41;0
231.23;0
3.97;0
7.14;0
2638.86;0
105.00;0
0.91;0
62.90;0
0.62;0
62.30;0
1165.12;0
3.98;0
262.20;0
12.00;0
410.51;0
8.28;0
35.44;0
9.90;0
7.56;0
78.39;0
0.80;0
41.25;0
4.08;0
16.20;0
176.80;0
113.89;0
41.54;0
121.38;0
578.72;0
48.83;0
108.00;0
14.18;0
288.01;0
1.99;0
8.16;0
55.65;0
2474.10;0
59.58;0
0.06;0
51.72;0
11.47;0
211.21;0
26.03;0
13714.82;0
147.00;0
25.80;0
50.44;0
12.64;0
20.70;0
204.00;1
206.69;0
10.20;1
3.16;0
111.96;0
8.16;0
1.97;0
38.06;0
2530.80;0
163.95;0
29.04;0
30.18;0
16.05;0
6.12;0
8.16;0
0.92;0
92.82;0
262.20;0
4078.48;0
13.75;0
119.22;0
97.08;0
932.64;0
393.25;0
9.43;0
90.00;0
26.52;0
2.21;0
20.00;0
6.71;0
44.04;0
54.52;0
164.70;0
7.56;0
42.42;0
1.22;0
57.45;0
30.00;0
3.24;0
2102.95;0
5297.85;0
300.00;0
39.20;0
13175.75;0
33.06;0
248.87;0
78.09;0
30.24;0
10.64;0
50.91;0
127.79;0
3.16;0
1.32;0
38.60;0
154.98;0
1.80;0
34.02;0
29.04;0
335.12;0
341.60;0
79.68;0
24.00;0
6.81;0
167.44;0
172.14;0
105.00;0
78.89;0
90.00;0
14.39;0
0.63;0
156.75;0
206.69;0
62.80;0
816.00;0
10.80;0
42.50;1
716.00;0
46.00;0
100.00;0
196.00;0
1624.43;0
3.00;0
49.65;0
542.27;0
547.83;0
3.06;0
371.35;0
36.99;0
2.46;0
78.94;0
1696.80;0
33.29;0
148.35;0
12.98;0
7.56;0
148.40;0
17.55;0
116.71;0
0.93;0
189.18;0
63.25;0
4.00;0
248.70;0
210.00;0
90.00;0
157.50;0
7.68;0
44.77;0
1.98;0
11.34;0
24.84;0
0.80;0
79.64;0
3.27;0
5.68;0
132.82;0
307.00;0
5.31;0
6.96;0
1.22;0
0.80;0
23.20;0
3537.94;0
137.94;0
100.00;0
126.25;0
10.00;0
525.30;0
12.40;0
251.64;0
0.62;0
26.40;0
11.55;0
26.62;0
17.00;0
40.28;0
120.45;0
4.23;0
84.00;0
10.00;0
633.60;0
187.90;0
4.10;0
3.41;0
1.32;0
69.65;0
1022.37;0
11.00;0
32.18;0
0.93;0
60.00;0
14.32;0
76.50;1
5.50;0
351.54;0
3946.59;0
17.34;0
94.38;0
31.72;0
11.62;0
18.64;0
84.12;0
199.26;0
63.00;0
1.20;0
3.00;0
4.95;0
162.00;0
27.00;0
40.00;0
59.70;0
3.98;0
30.60;0
132.60;0
308.76;0
60.00;0
10.00;0
384.03;0
538254.61;0
9.72;0
7.35;0
1.22;0
10.20;0
101.45;0
75.48;0
0.80;0
171.77;0
10.71;0
5.31;0
16719.93;0
16.72;0
1012.04;0
2.48;0
28.00;0
54982.46;0
17.00;1
31.15;0
37.74;0
14.28;0
24.97;0
1596.89;0
24.50;0
14.00;0
1681.86;0
12992.04;0
150.00;0
0.06;0
44.37;0
0.09;0
64.26;0
13.51;0
272.00;1
330.00;0
811.44;0
90.00;0
9.78;0
66.20;0
95.03;0
81.64;0
12.60;0
211.30;0
1.62;0
170.31;0
84.47;0
1.60;0
59.76;0
116.68;0
255.00;0
12.06;0
120.61;0
84.85;0
6.40;0
25.35;0
2.00;0
3.30;0
106.08;0
38.50;0
127.50;1
99.45;0
20.42;0
77.43;0
1.61;0
2.16;0
35.88;0
56.10;0
117.66;0
145.00;0
35.00;0
22.05;0
0.06;0
41.94;0
25.50;1
6106.28;0
10.00;0
273.00;0
63.36;0
502.55;0
118.13;0
25.50;1
6.96;0
301.68;0
22.70;0
70.00;0
94.03;0
56.70;0
0.62;0
25.16;0
5.68;0
10.20;1
4.27;0
82.78;0
258.06;0
11.22;0
15.30;1
0.80;0
6060.95;0
1.60;0
16.76;0
120.00;0
288.09;0
3.78;0
8.16;0
166.00;0
31.75;0
30.13;0
13.50;0
32.25;0
3.71;0
137.13;0
18365.38;0
5860.00;0
0.62;0
2389.75;0
24.75;0
257.50;0
460.63;0
11.60;0
390.00;0
6.12;0
755.18;0
17.55;0
20.00;0
38.12;0
3.40;0
53.00;0
10.93;0
117983.85;0
6482.19;0
148.37;0
5.81;0
1.32;0
60.00;0
138.00;0
10.60;0
8.16;0
19.92;0
33.06;0
44.00;0
7.56;0
127.72;0
27.63;0
26.10;0
88.61;0
4.54;0
96.46;0
26.52;0
12.51;0
130.00;0
134.36;0
56.94;0
4.64;0
10.00;0
200.00;0
10.80;0
9.28;0
37.10;0
15.00;0
8.00;0
1379.07;0
5.30;0
33.13;0
360.00;0
299.50;0
86.25;0
20.00;0
35.10;0
46.00;0
12.00;0
19.88;0
9.45;0
70.00;0
134.58;0
20.40;1
196.00;0
7110.00;0
2593.91;0
5.10;0
8.10;0
373.44;0
11.24;0
2.17;0
1.60;0
34.00;1
8.25;0
150.32;0
55.62;0
10.00;0
52.50;0
869.84;0
7.14;0
50.00;0
64.40;0
7.61;0
293.48;0
27814.11;0
35.75;0
33.81;0
4.90;0
387.12;0
204.75;0
2.70;0
4.95;0
9.46;0
52.92;0
3.66;0
6403.02;0
2338.19;0
91.00;0
119.00;1
159.12;0
145.60;0
0.80;0
10.71;0
224.40;1
269.39;0
28.38;0
8.04;0
42.00;0
5.15;0
79.44;0
3595.81;0
18.90;0
32.90;0
74.40;0
75.60;0
156.85;0
54.00;0
96.00;0
0.92;0
34.50;0
9761.97;0
3.20;0
243.73;0
7.29;0
2339.36;0
25879.99;0
100.00;0
42.44;0
271.55;0
7.56;0
189.25;0
75.48;0
76.79;0
19.92;0
468.00;0
8.25;0
2.65;0
31.80;0
1208.67;0
10.61;0
43.72;0
204.00;0
58.50;0
23.76;0
443.64;0
63.00;0
41.44;0
300.00;0
5982.01;0
166.86;0
48.68;0
5.68;0
193.52;0
3.58;0
14.60;0
0.10;0
129.39;0
2.66;0
7.95;0
65.00;0
3.30;0
1700.76;0
3712.64;0
150.32;0
10.30;0
219.30;0
90.75;0
69.60;0
7.54;0
58.26;0
79.60;0
1003.19;0
52.08;0
40.30;0
4.73;0
0.45;0
53.00;0
4.74;0
40.95;0
12.20;0
83.51;0
10.50;0
558.34;0
28.43;0
29.85;0
117.60;0
63.00;0
431.25;0
9439.20;0
420.00;0
9.90;0
19.86;0
34.79;0
3841.70;0
60.04;0
7.14;0
74.34;0
11.55;0
2651.61;0
2.00;0
3.75;0
72.07;0
157.76;0
245.98;0
2.04;0
1450.80;0
74.50;0
26.68;0
11.06;0
106.00;0
33.30;0
48.83;0
2.58;0
14.00;0
109.51;0
86.25;0
97.83;0
18112.74;0
71.88;0
384.13;0
109.02;0
1.03;0
504.00;0
4456.12;0
10.00;0
248.85;0
8.50;0
40.43;0
47.85;0
579.75;0
62.43;0
47.96;0
60.00;0
541.45;0
2.04;0
123.27;0
963.90;0
98.28;0
270.00;0
33.12;0
89.64;0
145.92;0
152.63;0
104.92;0
308.24;0
6303.78;0
184.83;0
248.16;0
102.30;0
62.34;0
53.59;0
2.77;0
1060.00;0
3.46;0
10.95;0
69.75;0
45.04;0
461.67;0
216.27;0
161.28;0
58.00;0
41.40;0
7.99;0
49.65;0
11.00;0
2.06;0
11.28;0
59.75;0
11.93;0
760.16;0
5.84;0
151.20;0
133.94;0
30.00;0
5.68;0
26.03;0
90.00;0
7.56;0
40.50;0
3.16;0
672.00;0
26.25;0
0.72;0
228.60;0
168.00;0
163.50;0
18.90;0
5.40;0
39.04;0
3.30;0
17.20;0
299.00;0
31.20;0
7.04;0
9.00;0
2796.97;0
79.56;0
0.06;0
10.00;0
856.75;0
4.05;0
43.38;0
159.93;0
187.90;0
4.80;0
148.86;0
68.00;1
3.15;0
5.33;0
26.60;0
126.00;0
7.44;0
139.38;0
28196.32;0
129.66;0
192.50;0
25.00;0
145.10;0
2219.78;0
16.50;0
73.36;0
34.00;1
140.13;0
4.05;0
73.81;0
9.90;0
3.09;0
107.54;0
10.78;0
161.50;1
0.30;0
75.15;0
44.55;0
69.00;0
38.11;0
2.04;0
100.76;0
31.34;0
6.75;0
78.60;0
47.42;0
3.41;0
1.62;0
10.60;0
61.20;0
1.62;0
2292.21;0
19.84;0
7.00;0
15.00;0
11.36;0
8.52;0
39.72;0
0.93;0
277.58;0
1440.40;0
84.00;0
6.48;0
1.17;0
41.28;0
3.32;0
6.60;0
139.25;0
6.12;0
106.88;0
100.80;0
25.65;0
213.75;0
60.00;0
3.99;0
7.90;0
2269.50;1
88.06;0
3290.05;0
1.98;0
204.60;0
69.00;0
16.05;0
0.30;0
22.86;1
51.00;1
60.00;0
24.99;0
2.16;0
66.72;0
100.00;0
46.00;0
503.20;0
229.02;0
341.54;0
117.80;0
160.00;1
23.24;0
2.43;0
2079.00;0
1624.28;0
3.32;0
487.73;0
3612.00;0
3840.98;0
237.30;0
73.05;0
28.00;0
22.99;0
215.22;0
7.80;0
28069.05;0
107.91;0
287.25;0
14.19;0
0.96;0
212.55;0
248.78;0
546.80;0
0.80;0
361.41;0
7.00;0
19.90;0
76.72;0
7.14;0
1.99;0
4.62;0
95.58;0
144.00;0
25.50;1
39.69;0
62.91;0
17.00;1
119.61;0
35.00;0
10.50;0
5.37;0
78.00;0
42.50;1
1.22;0
91.05;0
0.60;0
1048.17;0
65.07;0
8.81;0
340.68;0
70.05;0
51.48;0
2.04;0
8.25;0
382.53;0
18.92;0
2.04;0
11.97;0
19.25;0
5.10;0
1.83;0
10829.00;1
249.26;0
188.70;0
90.16;0
3.69;0
340.12;0
1524.79;0
2183.24;0
332.00;0
3.09;0
34.66;0
326.34;0
82.90;0
98.19;0
2785.16;0
124.82;0
5.40;0
0.62;0
1.22;0
23.51;0
2201.52;0
10.61;0
3602.11;0
17789.60;0
39.68;0
66.32;0
120.00;0
41.25;0
350.51;0
603.02;0
499.57;0
26.84;0
121.29;0
59.52;0
42.57;0
3.05;0
6.48;0
8.00;0
12659.39;0
98.00;0
150.00;0
11.00;0
19.96;0
921.60;0
2.00;0
484.33;0
97.50;0
49.75;0
50.32;0
2.43;0
199.38;0
1052.58;0
367.85;0
28.86;0
3.31;0
8.92;0
3.09;0
77.63;0
24.00;1
1532.39;0
69.30;0
53.00;0
1077.29;0
1.22;0
81.60;1
5341.24;0
17.04;0
166839.76;0
26.36;0
327.58;0
105.10;0
193.71;0
641.25;0
190.33;0
13.28;0
28.08;0
17.24;0
1610.96;0
16.20;0
8.25;0
62.57;0
210.00;0
48.62;0
1026.35;0
4.27;0
120.00;0
583.00;0
11.43;0
3.96;0
9.46;0
590.00;0
0.80;0
66.20;0
0.27;0
40.49;0
28.65;0
69.00;0
76221.18;0
2193.66;0
38.79;0
2.04;0
7.56;0
8.25;0
22.86;1
92.75;0
0.62;0
86.98;0
59.76;0
4070.15;0
424.94;0
24.02;0
142.08;0
67.20;0
91.44;1
125.82;0
0.62;0
300.48;0
269.42;0
201.59;0
88.20;0
93.95;0
137.50;0
62.00;0
39.78;0
47.50;0
1198.50;1
7.29;0
97.71;0
24.50;0
0.02;0
40.00;0
3952.16;0
17.38;0
6.28;0
0.80;0
3.30;0
277.72;0
17.00;1
4.95;0
70.28;0
90.00;0
120.00;0
2.44;0
7239.44;0
79.50;0
0.62;0
0.80;0
13.80;0
59.50;1
48.25;0
21.18;0
0.80;0
77.48;0
7518.00;0
3551.00;0
29.22;0
130.14;0
185.64;0
120.00;0
75.48;0
19.25;0
123.90;0
0.02;0
55.65;0
2.40;0
17.85;0
0.09;0
1.55;0
72.07;0
134.72;0
1.76;0
89.05;0
39.69;0
31.11;0
52.50;0
1980.00;0
101.87;0
39.66;0
53.00;0
604.59;0
0.62;0
531.50;0
18.15;0
4.32;0
258.40;0
100.65;1
13.20;0
90.00;0
258.30;0
822.15;0
10.27;0
840.00;0
6.82;0
0.12;0
9.94;0
467.62;0
25.16;0
25.21;0
5.95;0
7.00;0
27.30;0
17.82;0
44.20;0
66.58;0
65.50;0
3.09;0
188.98;0
554.14;0
3.58;0
6.63;0
1.54;0
7.88;0
1.53;0
222.64;0
75.00;0
28.08;0
132.88;0
44.20;0
12.60;0
31.62;0
2.04;0
27.65;0
21.00;0
28.85;0
6.32;0
82.36;0
1.32;0
593.89;0
29.58;0
826.88;0
316.20;1
121243.66;0
21.00;0
7.00;0
3807.18;0
285.60;0
4.00;0
30.38;0
49.77;0
2.04;0
17.50;0
46.00;0
166.89;0
107.82;0
0.02;0
8.25;0
312.25;0
1.99;0
1531.53;0
91.00;0
461.25;0
20.77;0
10.00;0
128.52;0
6.63;0
9.08;0
3.60;0
10.80;0
592.57;0
17.50;0
24.00;0
14.19;0
464.66;0
125.51;0
168.00;0
414.67;0
510.30;0
22.00;0
42.00;0
19.90;0
5.10;0
1262.72;0
226.44;0
422.25;0
0.30;0
2.06;0
24.00;0
0.93;0
58.61;0
2.04;0
57.60;0
286.23;0
640.00;0
615.57;0
348.91;0
68.85;0
5.68;0
70.00;0
1.56;0
90.00;0
58.11;0
22.68;0
3.16;0
1.80;0
178.17;0
66.32;0
583.31;0
35.69;0
1216.81;0
1.08;0
66.15;0
6.60;0
4.80;0
4.68;0
95.44;0
90.00;0
0.75;0
9.46;0
32.80;0
2442.33;0
9.46;0
1.98;0
17.09;0
2.02;0
210.00;0
11.27;0
60.00;0
40.32;0
21.49;0
10.23;0
6.82;0
63.00;0
1161.80;0
15.24;1
53.00;0
1501.08;0
2.70;0
34.70;0
5.27;0
11.94;0
162.50;0
4.54;0
100.80;0
76.25;0
149.39;0
27.50;0
3596.00;0
62.90;0
73.50;0
42.50;1
159.00;0
1.61;0
70.95;0
22.24;0
0.31;0
1010.16;0
48.30;0
458.01;0
80.00;0
39.27;0
300.00;0
0.12;0
1.32;0
997.39;0
5.68;0
1.66;0
66.75;0
120.12;0
5.27;0
4.54;0
2265.40;0
10.00;0
62.00;0
15.00;0
14.77;0
131.41;0
2.26;0
151.98;0
124.11;0
8.52;0
12.54;0
14.38;0
105.60;0
12.00;0
86.12;0
454.65;0
20.40;0
140.70;0
40.00;0
7.00;0
11.34;0
4.27;0
34.00;1
47.30;0
8.00;0
11813.64;0
3.22;0
2.02;0
80.50;0
28.38;0
127.50;0
118.00;0
16.47;1
1.99;0
13.92;0
50.00;0
353.60;0
69.75;0
56.95;0
745.06;0
3.12;0
55.65;0
674.13;0
132.40;0
16.24;0
50.00;0
7.14;0
0.80;0
49.03;0
1413.09;0
60.20;0
9.60;0
81.90;0
39.08;0
457.90;0
720.00;0
844.64;0
6.60;0
287.37;0
47.52;0
299.75;0
3.00;0
170.50;0
2417.94;0
133.20;0
2.17;0
0.93;0
1915.72;0
22.54;0
3.06;0
262.08;0
16969.76;0
47.90;0
21.42;0
28.56;0
7.60;0
101.50;0
184.20;0
162.07;0
11.00;0
14.70;0
146.48;0
33.48;0
353.12;0
50.32;0
2380.56;0
41.20;0
31.80;0
12.00;0
25.16;0
159.50;0
105.00;0
416.46;0
50.64;0
24.00;0
786.00;0
9.45;0
689.04;0
718.65;0
16.50;0
100.64;0
56.00;0
1.62;0
76.24;0
3.72;0
19.25;0
1.23;0
22.95;0
491.40;0
195.66;0
1.32;0
9.90;0
7.16;0
187.16;0
9.90;0
50.00;0
1.55;0
333.90;0
436.50;0
36.25;0
71.50;0
143.10;0
153.16;0
1181.07;0
52.00;0
629.99;0
7.13;0
4.32;0
74.50;0
768.17;0
29.79;0
72.90;0
103.60;0
418.88;0
62.37;0
960.00;0
1.20;0
8.24;0
4866.88;0
39.72;0
14.87;0
127.50;0
466.20;0
16.80;0
41.65;0
38.23;0
31.60;0
19323.00;0
200.51;0
1.99;0
45.69;0
9.15;0
4.64;0
34.02;0
914.88;0
27.50;0
7.93;0
4.08;0
21.03;0
15.89;0
91.95;0
126.12;0
7.29;0
3.05;0
1.99;0
20.75;0
11.34;0
600.00;0
609.25;0
2.06;0
39.00;0
3.16;0
1.60;0
1550.93;0
73.93;0
15.00;0
66.40;0
20.70;0
258.36;0
43.80;0
14.19;0
210.00;0
60.00;0
0.09;0
4.86;0
1558.56;0
6.75;0
4.08;0
120.00;0
2830.88;0
83.88;0
411.75;1
2566.98;0
15.00;0
15.00;0
2.06;0
38.42;0
1.82;0
11.04;0
2223.32;0
378.75;0
120.00;0
6.18;0
33.30;0
13.92;0
15.00;0
7908.57;0
210.00;0
29.00;0
556.02;0
20.94;0
375.80;0
276.13;0
42.00;0
20.40;1
200.00;0
0.12;0
45.00;0
0.76;0
48.50;0
3.60;0
4.54;0
630.00;0
5.68;0
1749.30;0
5.10;0
6.63;0
33.00;0
826.20;0
60.00;0
25.20;0
112.63;0
1729.00;0
5055.56;0
79.60;0
4.50;0
0.80;0
10.21;0
7.00;0
69.81;0
56.00;0
1043.29;0
175.44;0
21.10;0
2.44;0
420.00;0
418.60;0
0.62;0
9940.81;0
82.02;0
39.80;0
29.88;0
6.40;0
3978.33;0
110.50;0
7.00;0
10.71;0
345.90;0
159.00;0
34.63;0
185.75;0
1.32;0
1.20;0
0.06;0
4.74;0
49.01;0
12.15;0
85.00;1
59.50;0
212073.01;0
67.05;0
6930.00;0
2520.15;0
39.68;0
42.53;0
0.06;0
23.10;0
137.02;0
58.10;0
7.14;0
3.07;0
0.93;0
25.50;1
720.00;0
2749.01;0
85.06;0
65.86;0
91.06;0
10.20;0
120.00;0
212.59;0
69.66;0
225.34;0
195.96;0
27.45;1
1.22;0
93.50;0
75.16;0
125.84;0
1.98;0
2.48;0
39.69;0
144.50;1
899.55;0
510.79;0
101.24;0
60.00;0
57.75;0
159.84;0
0.62;0
152.00;0
79.40;0
261182.45;0
18.54;0
0.80;0
42.00;0
66.32;0
76.48;0
192.25;0
1.23;0
3621.28;0
11.55;0
11.33;0
142.50;0
12.53;0
12.00;0
35.74;0
13.50;0
32.64;0
98.28;0
23.20;0
40.02;1
1178.22;0
0.87;0
48.50;0
174.00;0
34.00;1
31.42;0
42.00;0
49.80;0
431.60;0
39.78;0
25.28;0
1.24;0
20.00;0
14.79;0
116.02;0
123.64;0
118.62;0
6.42;0
15.12;0
46.00;0
1.99;0
9.45;0
15.80;0
516.60;0
15.00;0
2076.60;0
159.00;0
14.85;0
695.22;0
2.70;0
372.11;0
246.72;0
26.65;0
869.02;0
1101.90;0
103.45;0
4373.19;0
79.38;0
178.44;0
79.50;0
7.14;0
46.41;0
1.10;0
148.40;0
89.55;0
71.04;0
21.00;0
29.58;0
80.65;0
42.50;1
182.65;0
9.28;0
30.00;0
16.20;0
4.95;0
3.16;0
491.85;0
59.50;0
3.96;0
19.86;0
1674.56;0
7.16;0
63.07;0
200.00;0
55.31;0
48.50;0
327.60;0
0.80;0
16.50;0
59.52;0
9.69;0
368.18;0
0.62;0
10993.64;0
384.00;0
1.54;0
900.83;0
81.63;0
88.27;0
8.10;0
9.10;0
2761.93;0
628.12;0
42.40;0
375.71;0
90.00;0
41.17;0
117.85;0
0.36;0
3.32;0
468.76;0
38.76;0
4.09;0
27.60;0
84.00;0
100.00;0
33.16;0
186.96;0
54.00;0
340.00;1
391.49;0
9.28;0
33.00;0
1.06;0
44.10;0
0.62;0
96.90;1
18.90;0
70.00;0
117.00;0
511.20;0
21.48;0
61.20;0
80.94;0
237.59;0
8.25;0
1331.63;0
450.76;0
797.50;0
29.58;0
1853.13;0
109.02;0
12.81;0
14.18;0
0.93;0
357.44;0
39.68;0
710.65;0
680.00;0
5789.79;0
3.98;0
112.23;0
3.58;0
10.20;1
90.00;0
25.50;1
105.95;0
2.04;0
4.05;0
195.00;0
45.90;0
32.28;0
2.06;0
579.60;0
100.48;0
39.03;0
23.10;0
1.41;0
3.37;0
5.52;0
2.76;0
276.49;0
7.14;0
3.41;0
6537.23;0
2.03;0
129.15;0
6.12;0
1.44;0
79.50;0
33.72;0
47.10;0
5.10;0
82.13;0
210.00;0
532.37;0
4046.50;0
10.63;0
3398.83;0
195.20;0
2.45;0
64.12;0
29.79;0
11.34;0
145.38;0
1029.44;0
37.10;0
12.00;0
159.00;0
14.28;0
146.48;0
3.31;0
37.74;0
10.40;0
133.84;0
18.30;0
615.60;0
22.89;0
84.00;0
38.34;0
21.20;0
10.20;1
1917.68;0
9.18;0
55.65;0
15.12;0
48.96;0
7.14;0
1.70;0
121.80;0
515.91;0
231.67;0
855.44;0
800.81;0
2.04;0
4821.60;0
55.65;0
189.07;0
49.95;0
20.00;0
32.20;0
201.99;0
5.67;0
1.62;0
917.96;0
77.57;0
53.00;0
40.00;1
5.50;0
149.68;0
220.65;0
55.65;0
560.66;0
422.40;0
1566.00;0
14.28;0
0.35;0
0.15;0
9.46;0
1.60;0
5.66;0
102.88;0
32.20;0
231.10;0
167.76;0
37.80;0
6.38;0
0.15;0
188.73;0
53.00;0
161.50;1
17.34;0
8.25;0
29.25;0
282.17;0
70.00;0
2.65;0
4.80;0
1.32;0
422.22;0
8.72;0
80.68;0
874.00;0
203.40;0
18.64;0
42.00;0
316.58;0
50.00;0
174.60;0
86.96;0
61.05;0
345.42;0
49.00;1
27.84;0
42.00;0
1.98;0
17.00;1
11.35;0
5.68;0
89.60;0
162.72;0
52.51;0
46.00;0
105.00;0
3.32;0
272.86;0
8.16;0
0.62;0
20.00;0
21.10;0
8.28;0
23.70;0
88.61;0
7.14;0
5.61;0
9.72;0
140.44;0
1380.00;0
145.75;0
588.47;0
10.50;0
595.35;0
60.00;0
279.45;0
143.19;0
92.18;0
1564.25;0
17.17;0
569.42;0
103.00;0
239.40;0
19.85;0
11.33;0
283.15;0
5.40;0
48.83;0
140.00;0
0.62;0
63.00;0
12.35;0
4.63;0
26.47;0
36.80;0
232.30;0
6343.92;0
86.95;0
40.00;1
18.21;0
19.28;0
12.60;0
49.77;0
2.43;0
56.25;0
592.80;0
24.00;0
1.32;0
44.00;0
66.40;0
9.94;0
212.00;0
22.08;0
435.39;0
337.14;0
10.00;0
3288.07;0
268.48;0
27.50;0
420.00;0
4744.47;0
51.00;1
12.50;0
26.62;0
4.65;0
2.00;0
15.30;1
39.00;0
460.57;0
94.09;0
284.00;0
30.00;0
7.14;0
300.00;0
9.14;1
726.16;0
168.00;0
7388.81;0
43.46;0
131.25;0
278.40;0
0.62;0
201.81;0
46.80;0
21.03;0
210.00;0
5205.73;0
737.99;0
88.61;0
99.48;0
9.27;0
35.00;0
2172.27;0
1.32;0
4.12;0
838.50;0
17.00;1
480.00;0
145.50;0
156.30;0
42.95;0
150.75;0
60.00;0
73.60;0
3693.02;0
4.90;0
1267.36;0
0.80;0
25.31;0
19.86;0
5322.60;0
49.85;0
5.10;0
688.25;0
3025.27;0
3.78;0
14.20;0
0.15;0
20.70;0
5.68;0
44.02;0
7.03;0
5.84;0
345.25;0
10.20;0
8.28;0
65.33;0
1365.78;0
217.80;0
113.40;0
31.00;0
798.94;0
99.30;0
2.70;0
11.00;0
20.88;0
4.15;0
5.88;0
43.05;0
2.04;0
20.00;0
405.00;0
114.24;0
100.40;0
22.50;0
34.02;0
1139.02;0
15.00;0
80.29;0
0.46;0
23.39;0
67.03;0
24.00;0
89.25;0
153.16;0
0.06;0
0.02;0
100.13;0
34.00;1
111.96;0
34.00;1
182.10;0
78.89;0
62.40;0
71.04;0
21.19;0
0.80;0
60.50;0
70.00;0
119.52;0
20.40;1
516.45;0
1081.71;0
88.84;0
94.50;0
583.00;0
245.02;0
16.44;0
55.50;0
49.46;0
51.00;1
1.99;0
482.10;0
101.08;0
361.90;0
10.50;0
13.26;0
49.74;0
14.20;0
34.40;0
0.60;0
5.49;0
6109.04;0
8.10;0
7.90;0
5.10;0
2.40;0
6.80;0
48.00;0
68.70;0
412.73;0
5.38;0
31.20;0
445.59;0
9.46;0
24.91;0
4.63;0
2.66;0
50.40;0
84.00;0
336.32;0
21.20;0
7939.00;1
467.75;0
20.29;0
26763.25;0
152.81;0
178.00;0
64.50;0
33.11;0
29.70;0
10.91;0
7.56;0
3092.08;0
4.05;0
10.32;0
121.60;0
263.34;0
268.62;0
2.44;0
39.03;0
50.42;0
7.00;0
153.76;0
359.25;0
8.25;0
1044.20;0
15.89;0
90.72;0
35.00;0
0.18;0
42.00;0
0.06;0
126.00;0
273.00;0
2.04;0
0.66;0
42.70;0
6.96;0
2.64;0
4.54;0
1.59;0
54.40;0
8.00;0
13.50;0
130.01;0
9.46;0
240.00;0
22.50;0
725.90;0
93.60;0
14.00;0
1176.00;0
57.30;0
3.16;0
1.98;0
25.06;0
13.20;0
512.95;0
1.22;0
30.60;0
5.10;0
7.14;0
486.72;0
403.99;0
50.30;0
21.00;0
18.75;0
35.00;0
24.55;0
86.12;0
1242.48;0
9.08;0
55.10;0
4.35;0
16.32;0
34.41;0
2.80;0
281.32;0
20.00;0
163.27;0
111.00;0
10.50;0
16.27;0
1735.50;0
1.20;0
163.80;0
1.60;0
88.00;0
27.63;0
3151.57;0
9.46;0
2.05;0
12.00;0
8015.85;0
25.21;0
1676.50;0
1.38;0
113.88;0
62.91;0
853.61;0
17.18;0
334.02;0
86.12;0
1380.46;0
173.49;0
109.80;1
4.64;0
9.60;0
0.98;0
67.76;0
62.80;0
6.75;0
258.58;0
366.00;1
10.70;0
7.06;0
1.99;0
22.05;0
40.50;0
47.02;0
1.99;0
120.00;0
4.08;0
23.48;0
42.44;0
4536.00;0
10.71;0
291.07;0
2940.00;0
1.08;0
2.60;0
42.00;0
36.52;0
136.08;0
34.99;0
25.50;1
256.68;0
60.82;0
511.58;0
19.97;0
23.85;0
301.93;0
156.60;0
25.16;0
149.13;0
874.91;0
2707.52;0
7.14;0
144.50;1
3045.43;0
41.08;0
14.00;0
36.26;0
40.00;0
53.07;0
1398.74;0
284.16;0
719.95;0
3.22;0
102.00;1
21.20;0
65.00;0
30.93;0
15.71;0
14.42;0
1.50;0
151.28;0
19.38;0
69.00;0
26.33;0
344.80;0
669.25;0
448.00;0
2122.12;0
92.92;0
367.65;0
377.19;0
3.30;0
0.93;0
1505.31;0
20.40;1
5.50;0
4.64;0
123.76;0
97.68;0
111.30;0
1046.98;0
63.00;0
0.92;0
1.98;0
3.30;0
0.06;0
160.00;0
7.00;0
196.42;0
99.36;0
2.04;0
69.44;0
2.54;0
1.62;0
50.81;0
3.31;0
48.21;0
1.21;0
26.03;0
0.30;0
53.00;0
768.93;0
83.79;0
22.00;0
267.28;0
236.81;0
250.00;0
11.84;0
320.28;0
345.80;0
118.16;0
37.82;0
2.65;0
63.25;0
42.30;0
42.00;0
227.78;0
162.24;0
48.97;0
23138.16;0
24.36;0
924.00;0
55.00;0
243.93;0
5.67;0
9.90;0
423.18;0
80.33;0
14.00;0
1147.55;0
185.50;0
16.80;0
58.25;0
0.62;0
0.40;0
63.56;0
84.00;0
431.26;0
649.65;1
59.67;0
599.40;0
25.08;0
351.25;0
3.32;0
17.44;0
56.00;0
1.98;0
1.53;0
137.00;0
104.85;0
1.99;0
26.60;0
42.00;0
6.30;0
47.30;0
22.14;0
37.74;0
0.06;0
2.31;0
6.96;0
2.04;0
1.06;0
39.78;0
2194.52;0
21.42;0
255.00;0
766.53;0
75.60;0
1882.56;0
29.76;0
7.14;0
100.65;0
10.00;0
84.00;0
15.30;1
57.72;0
72.02;0
33.60;0
127.80;0
9.54;0
242.74;0
13.80;0
62.78;0
0.62;0
396.75;0
714.42;0
8.04;0
110.50;1
3.77;0
4874.63;0
4.93;0
134.40;0
7.14;0
729.54;0
75.00;0
69.74;0
96.40;0
2579.85;0
25.52;0
5.68;0
247.51;0
178.75;0
34.00;1
15.12;0
82.65;0
309.40;0
80.40;0
187.05;0
4.90;0
30.36;0
619.24;0
6.31;0
1650.02;0
37.43;0
43.29;0
260.92;0
29.32;0
95.00;0
152.69;0
101.00;0
11.52;0
136.79;0
85.75;0
6.75;0
420.00;0
0.30;0
4.74;0
2.70;0
1422.00;0
3115.62;0
49.59;0
796.88;0
20.80;0
0.90;0
1826.20;0
7.14;0
8.05;0
17.50;0
82.85;0
23.27;0
1050.00;0
289.76;0
3.16;0
2.63;0
25.50;1
20.32;0
147.00;0
